,AD Statistic,Critical Values,Significance Levels,normal_distribution
Hours_Studied,7.50290346,[0.576 0.656 0.787 0.917 1.091],[15.  10.   5.   2.5  1. ],FALSE
Attendance,74.53201562,[0.576 0.656 0.787 0.917 1.091],[15.  10.   5.   2.5  1. ],FALSE
Sleep_Hours,124.9207747,[0.576 0.656 0.787 0.917 1.091],[15.  10.   5.   2.5  1. ],FALSE
Previous_Scores,72.78603939,[0.576 0.656 0.787 0.917 1.091],[15.  10.   5.   2.5  1. ],FALSE
Tutoring_Sessions,248.0227446,[0.576 0.656 0.787 0.917 1.091],[15.  10.   5.   2.5  1. ],FALSE
Physical_Activity,254.3837638,[0.576 0.656 0.787 0.917 1.091],[15.  10.   5.   2.5  1. ],FALSE
Exam_Score,51.25168474,[0.576 0.656 0.787 0.917 1.091],[15.  10.   5.   2.5  1. ],FALSE
